MSE,RMSE,MAE,R2,CV_RMSE_Mean,CV_RMSE_Std
2461.908618262324,49.61762406909791,39.72940169413444,0.7934159241363843,49.55616042493711,0.1962070471185951
