MSE,RMSE,MAE,R2,CV_RMSE_Mean,CV_RMSE_Std
83.61550111276303,9.144151196954423,7.759683463125305,0.9929836424889542,9.153683124282182,0.016168939951928286
