MSE,RMSE,MAE,R2,CV_RMSE_Mean,CV_RMSE_Std
74.45353561865954,8.62864622166534,7.4576346033031085,0.9937524428256741,8.649966070490338,0.02984526863874185
