MSE,RMSE,MAE,R2,CV_RMSE_Mean,CV_RMSE_Std
74.46139741980326,8.629101773638045,7.457947154975269,0.9937517831249395,8.650032878282376,0.029681369548765244
